[{"id":"user-image-dummy-zahrada-3.png","publicUrl":"np://user.desktop.nicepage.com/Site_13813333/images/dummy-zahrada-3.png","size":2017314,"hash":"DAnt5vRLpm5OCsQgBPoefBzQ+p0=","fileName":"dummy-zahrada-3.png","name":"dummy-zahrada-3","width":1152,"height":896,"thumbnail":{"url":"np://user.desktop.nicepage.com/Site_13813333/images/thumbnails/dummy-zahrada-3.png","width":250,"height":194},"folderId":null,"usages":["122207314"]},{"id":"user-image-dummy-zahrada-4.png","publicUrl":"np://user.desktop.nicepage.com/Site_13813333/images/dummy-zahrada-4.png","size":1922193,"hash":"jxdzhaEryPbiVvMYjBHe2aseDDI=","fileName":"dummy-zahrada-4.png","name":"dummy-zahrada-4","width":1152,"height":896,"thumbnail":{"url":"np://user.desktop.nicepage.com/Site_13813333/images/thumbnails/dummy-zahrada-4.png","width":250,"height":194},"folderId":null,"usages":["122207314"]},{"id":"user-image-dummy-zahrada-2.png","publicUrl":"np://user.desktop.nicepage.com/Site_13813333/images/dummy-zahrada-2.png","size":1976150,"hash":"TPQPhilG/lbIzBkdFmp5X3SpvNE=","fileName":"dummy-zahrada-2.png","name":"dummy-zahrada-2","width":1152,"height":896,"thumbnail":{"url":"np://user.desktop.nicepage.com/Site_13813333/images/thumbnails/dummy-zahrada-2.png","width":250,"height":194},"folderId":null,"usages":["122207314"]},{"id":"user-image-wqe-min.jpg","publicUrl":"np://user.desktop.nicepage.com/Site_13813333/images/wqe-min.jpg","size":94913,"hash":"qYfEaaoBZQnfq1tcRFAIk9NyCd4=","fileName":"wqe-min.jpg","name":"wqe-min","width":800,"height":948,"thumbnail":{"url":"np://user.desktop.nicepage.com/Site_13813333/images/thumbnails/wqe-min.jpg","width":211,"height":250},"folderId":null,"originalUrl":"//images03.nicepage.com/c461c07a441a5d220e8feb1a/ae30a308cbe35550a1ff83d9/wqe-min.jpg","usages":["122207314"]},{"id":"user-image-zahrada-dummy-1.png","publicUrl":"np://user.desktop.nicepage.com/Site_13813333/images/zahrada-dummy-1.png","size":1944181,"hash":"uefWtAAZaRWxSPIHxfTeNKF6wUk=","fileName":"zahrada-dummy-1.png","name":"zahrada-dummy-1","width":1152,"height":896,"thumbnail":{"url":"np://user.desktop.nicepage.com/Site_13813333/images/thumbnails/zahrada-dummy-1.png","width":250,"height":194},"folderId":null,"usages":["122207314"]},{"id":"user-image-4832203.png","publicUrl":"np://user.desktop.nicepage.com/Site_13813333/images/4832203.png","size":2622,"hash":"ymTlO7yCSDLuIwFfc9cc7dbwgyA=","fileName":"4832203.png","name":"4832203","width":128,"height":128,"thumbnail":{"url":"np://user.desktop.nicepage.com/Site_13813333/images/thumbnails/4832203.png","width":128,"height":128,"length":2622,"type":"png"},"folderId":null,"usages":["122207314"]},{"id":"user-image-6377985.png","publicUrl":"np://user.desktop.nicepage.com/Site_13813333/images/6377985.png","size":2882,"hash":"AwBwQbOVrcPf5foMnJUcPbnPrgs=","fileName":"6377985.png","name":"6377985","width":128,"height":128,"thumbnail":{"url":"np://user.desktop.nicepage.com/Site_13813333/images/thumbnails/6377985.png","width":128,"height":128,"length":2882,"type":"png"},"folderId":null,"usages":["122207314"]},{"id":"user-image-735643.png","publicUrl":"np://user.desktop.nicepage.com/Site_13813333/images/735643.png","size":3820,"hash":"zWDFcN3persBH7hl4uQwKuG10bU=","fileName":"735643.png","name":"735643","width":128,"height":128,"thumbnail":{"url":"np://user.desktop.nicepage.com/Site_13813333/images/thumbnails/735643.png","width":128,"height":128,"length":3820,"type":"png"},"folderId":null,"usages":["122207314"]},{"id":"user-image-785202.png","publicUrl":"np://user.desktop.nicepage.com/Site_13813333/images/785202.png","size":3545,"hash":"xnudo3ty92m/fBuDws9HV3SOpSQ=","fileName":"785202.png","name":"785202","width":128,"height":128,"thumbnail":{"url":"np://user.desktop.nicepage.com/Site_13813333/images/thumbnails/785202.png","width":128,"height":128,"length":3545,"type":"png"},"folderId":null,"usages":["122207314"]},{"id":"user-image-default-logo.png","publicUrl":"np://user.desktop.nicepage.com/Site_13813333/images/default-logo.png","size":1804,"hash":"pVWyp9ScwghJ0IJ/x/tR7o2JZVo=","fileName":"default-logo.png","name":"default-logo","width":80,"height":40,"thumbnail":{"url":"np://user.desktop.nicepage.com/Site_13813333/images/thumbnails/default-logo.png","width":80,"height":40,"length":1804,"type":"png"},"folderId":null,"originalUrl":"//capp.nicepage.com/images/default-logo.png","usages":[]},{"id":"user-image-online-remote-courses-student-sh.jpg","publicUrl":"np://user.desktop.nicepage.com/Site_13813333/images/online-remote-courses-student-sh.jpg","size":117852,"hash":"6O0Ywfk2hhBFX7xOs0zlrpTf5Jc=","fileName":"online-remote-courses-student-sh.jpg","name":"online-remote-courses-student-sh","width":740,"height":987,"thumbnail":{"url":"np://user.desktop.nicepage.com/Site_13813333/images/thumbnails/online-remote-courses-student-sh.jpg","width":187,"height":250},"folderId":null,"originalUrl":"https://assets.nicepagecdn.com/d2cc3eaa/3546083/images/online-remote-courses-student-sh.jpg","usages":["122207314"]},{"id":"user-image-1.jpg","publicUrl":"np://user.desktop.nicepage.com/Site_13813333/images/1.jpg","size":10152,"hash":"a3Y69KIfNU80S5N/JBAMXOR2tZM=","fileName":"1.jpg","name":"1","width":211,"height":211,"thumbnail":{"url":"np://user.desktop.nicepage.com/Site_13813333/images/thumbnails/1.jpg","height":211,"width":211,"length":10152,"type":"jpg"},"folderId":null,"originalUrl":"//images01.nicepagecdn.com/c461c07a441a5d220e8feb1a/f86236aeb432544da74f5648/1.jpg","usages":["122207314"]},{"id":"user-image-3.jpg","publicUrl":"np://user.desktop.nicepage.com/Site_13813333/images/3.jpg","size":11923,"hash":"0ZsfM61Qwh4z3ayzc/gwrytbIh0=","fileName":"3.jpg","name":"3","width":211,"height":211,"thumbnail":{"url":"np://user.desktop.nicepage.com/Site_13813333/images/thumbnails/3.jpg","height":211,"width":211,"length":11923,"type":"jpg"},"folderId":null,"originalUrl":"//images01.nicepagecdn.com/c461c07a441a5d220e8feb1a/4a1fc1c3fe6e52cebb2083ed/3.jpg","usages":["122207314"]},{"id":"user-image-4.jpg","publicUrl":"np://user.desktop.nicepage.com/Site_13813333/images/4.jpg","size":12558,"hash":"B/u937f7vVexoV03D895kT9RmhM=","fileName":"4.jpg","name":"4","width":211,"height":211,"thumbnail":{"url":"np://user.desktop.nicepage.com/Site_13813333/images/thumbnails/4.jpg","height":211,"width":211,"length":12558,"type":"jpg"},"folderId":null,"originalUrl":"//images01.nicepagecdn.com/c461c07a441a5d220e8feb1a/cd75a5e77de45c12b3c411c9/4.jpg","usages":["122207314"]},{"id":"user-image-2.jpg","publicUrl":"np://user.desktop.nicepage.com/Site_13813333/images/2.jpg","size":17336,"hash":"qeRxQC9lpM6cOtD6wD1MUymp+as=","fileName":"2.jpg","name":"2","width":211,"height":211,"thumbnail":{"url":"np://user.desktop.nicepage.com/Site_13813333/images/thumbnails/2.jpg","height":211,"width":211,"length":17336,"type":"jpg"},"folderId":null,"originalUrl":"//images01.nicepagecdn.com/c461c07a441a5d220e8feb1a/745257a42ecc5a57b85b6265/2.jpg","usages":["122207314"]}]