[{"id":980329695,"title":"Blog Template","order":1,"templateKey":"blog","customTemplate":false,"customTemplateFilename":null,"pageLinks":[],"dateCreated":"2024-07-27T22:28:18.954Z","dateUpdated":"2024-07-27T22:28:20.540Z","folderId":null,"pageName":"Blog Template","serverPageId":null,"sectionCount":1,"status":2,"backwardUrl":null},{"id":56398758,"title":"Post Template","order":2,"templateKey":"post","customTemplate":false,"customTemplateFilename":null,"pageLinks":[],"dateCreated":"2024-07-27T22:28:19.200Z","dateUpdated":"2024-07-27T22:28:20.540Z","folderId":null,"pageName":"Post Template","serverPageId":null,"sectionCount":1,"status":2,"backwardUrl":null},{"id":82623610,"title":"Product List Template","order":3,"templateKey":"products","customTemplate":false,"customTemplateFilename":null,"pageLinks":[],"dateCreated":"2024-07-27T22:28:19.344Z","dateUpdated":"2024-07-27T22:28:20.540Z","folderId":null,"pageName":"Product List Template","serverPageId":null,"sectionCount":1,"status":2,"backwardUrl":null},{"id":178499485,"title":"Product Details Template","order":4,"templateKey":"product","customTemplate":false,"customTemplateFilename":null,"pageLinks":[],"dateCreated":"2024-07-27T22:28:19.506Z","dateUpdated":"2024-07-27T22:28:20.541Z","folderId":null,"pageName":"Product Details Template","serverPageId":null,"sectionCount":1,"status":2,"backwardUrl":null},{"id":647130782,"title":"Shopping Cart Template","order":5,"templateKey":"cart","customTemplate":false,"customTemplateFilename":null,"pageLinks":[],"dateCreated":"2024-07-27T22:28:19.638Z","dateUpdated":"2024-07-27T22:28:20.541Z","folderId":null,"pageName":"Shopping Cart Template","serverPageId":null,"sectionCount":1,"status":2,"backwardUrl":null},{"id":231414567,"title":"Checkout Template","order":6,"templateKey":"checkout","customTemplate":false,"customTemplateFilename":null,"pageLinks":[],"dateCreated":"2024-07-27T22:28:19.841Z","dateUpdated":"2024-07-27T22:28:20.541Z","folderId":null,"pageName":"Checkout Template","serverPageId":null,"sectionCount":1,"status":2,"backwardUrl":null},{"id":38717492,"title":"Login Template","order":7,"templateKey":"login","customTemplate":false,"customTemplateFilename":null,"pageLinks":[],"dateCreated":"2024-07-27T22:28:19.936Z","dateUpdated":"2024-07-27T22:28:20.541Z","folderId":null,"pageName":"Login Template","serverPageId":null,"sectionCount":1,"status":2,"backwardUrl":null},{"id":46549141,"title":"Page Password Template","order":8,"templateKey":"password","customTemplate":false,"customTemplateFilename":null,"pageLinks":[],"dateCreated":"2024-07-27T22:28:20.008Z","dateUpdated":"2024-07-27T22:28:20.541Z","folderId":null,"pageName":"Page Password Template","serverPageId":null,"sectionCount":1,"status":2,"backwardUrl":null},{"id":79955515,"title":"404 Not Found Template","order":9,"templateKey":"404","customTemplate":false,"customTemplateFilename":null,"pageLinks":[],"dateCreated":"2024-07-27T22:28:20.077Z","dateUpdated":"2024-07-27T22:28:20.541Z","folderId":null,"pageName":"404 Not Found Template","serverPageId":null,"sectionCount":1,"status":2,"backwardUrl":null},{"id":8217736,"title":"Thank You Page Template","order":10,"templateKey":"ThankYou","customTemplate":false,"customTemplateFilename":null,"pageLinks":[],"dateCreated":"2024-07-27T22:28:20.139Z","dateUpdated":"2024-07-27T22:28:20.541Z","folderId":null,"pageName":"Thank You Page Template","serverPageId":null,"sectionCount":1,"status":2,"backwardUrl":null},{"id":122207314,"title":"Domů","order":50,"templateKey":null,"customTemplate":false,"customTemplateFilename":null,"pageLinks":["122207314","213683261"],"dateCreated":"2024-07-27T22:28:50.854Z","dateUpdated":"2024-07-28T00:06:36.177Z","folderId":null,"pageName":"Domů_122207314","serverPageId":null,"sectionCount":9,"status":2,"backwardUrl":null},{"id":821030069,"title":"O nás","order":100,"templateKey":null,"customTemplate":false,"customTemplateFilename":null,"pageLinks":[],"dateCreated":"2024-07-27T22:28:20.181Z","dateUpdated":"2024-07-27T22:28:20.541Z","folderId":null,"pageName":"O nás_821030069","serverPageId":null,"sectionCount":1,"status":2,"backwardUrl":null},{"id":213683261,"title":"Kontakt","order":101,"templateKey":null,"customTemplate":false,"customTemplateFilename":null,"pageLinks":[],"dateCreated":"2024-07-27T22:28:20.219Z","dateUpdated":"2024-07-27T22:28:20.541Z","folderId":null,"pageName":"Kontakt_213683261","serverPageId":null,"sectionCount":1,"status":2,"backwardUrl":null}]